tanggal,pilar_konten,format,judul,caption_singkat,cta,kpi
2026-09-30,Tips HR,Carousel,"5 Kesalahan Absensi yang Bikin HR Pusing","Absensi manual sering bikin error gaji. Swipe 5 kesalahan umum + solusinya. KantorKu bantu otomasi absensi real-time, bebas ribet.",Cek solusinya di bio,Engagement rate >3%
2026-10-01,Testimoni,Reels,HR Manager PT Berkah: Hemat 15 Jam per Bulan,"Sebelum pakai KantorKu, HR kami lembur tiap akhir bulan. Sekarang? Payroll selesai 1 klik. Dengerin cerita lengkapnya.",Mau coba gratis? Link di bio,Views >5000
2026-10-02,Edukasi UKM,Single,"Kenapa UKM Wajib Punya Sistem HRIS di 2026","Data karyawan di Excel rawan hilang. BPJS telat bayar kena denda. Belum lagi hitung lembur manual. HRIS bukan buat perusahaan besar aja, UKM 10-50 karyawan justru paling butuh.",Download checklist HRIS di bio,Save rate >8%
2026-10-03,Fitur Produk,Carousel,Self-Service Karyawan: Fitur yang Bikin HR Tenang,"Karyawan bisa cek slip gaji sendiri. Ajukan cuti tanpa chat HR. Lihat sisa jatah izin kapan aja. 3 slide ini tunjukkan cara kerjanya.",Coba demo interaktif di link bio,Click-through rate >2%
2026-10-04,Tips HR,Reels,"Hitung THR 2027 Gampang Pakai Rumus Ini","THR wajib dibayar H-7 lebaran. Karyawan <1 tahun dihitung proporsional. Tonton cara hitungnya dalam 30 detik. KantorKu hitung otomatis sesuai aturan.",Share ke sesama HR,Shares >100
2026-10-07,Case Study,Carousel,Dari Chaos ke Rapi: Cerita PT Mitra Sejahtera,"150 karyawan, 3 cabang, data absensi berantakan. Lihat transformasi 60 hari mereka pakai KantorKu. Slide terakhir: hasil audit BPJS zero temuan.",Download full case study,Lead form >10 submit
2026-10-08,Edukasi UKM,Single,UMP 2027 Naik: Ini yang Harus Disiapkan Pengusaha,"UMP DKI Jakarta 2027 diprediksi naik 6-8%. Cek 5 hal yang harus kamu update di sistem payroll sebelum Januari. Jangan sampai kena sanksi Disnaker.",Simpan checklist ini,Save rate >10%
2026-10-09,Promo Soft-Sell,Reels,KantorKu Basic: Rp 25rb/Bulan untuk Tim Kecil,"Startup atau UKM <20 karyawan? Paket Basic cukup. Absensi mobile, payroll otomatis, laporan attendance. Tanpa kontrak tahunan.",Mulai trial 14 hari gratis,Sign-up >5
2026-10-10,Tips HR,Carousel,"Kelola Karyawan Remote: 4 Aturan Wajib","Kerja hybrid jadi normal baru. Tapi aturan harus jelas: jadwal WFH, absensi mobile, komunikasi SOP, evaluasi performa. Swipe 4 template aturan yang bisa langsung dipakai.",Download template lengkap,Download >20
2026-10-11,Behind the Scenes,Single,Tim KantorKu: Kami Juga Pakai Produk Sendiri,"85 karyawan kami di Jakarta & Surabaya pakai KantorKu setiap hari. Dari cuti, absensi, sampai reimburse. Kalau kami percaya, kamu juga bisa.",Kenalan sama produk kami,Profile visit >150